filter,rmse_x_m,rmse_y_m
KF,0.19638004287984198,1.383352923367408
EKF,0.20109082516551963,1.4025144161337886
PF,2.430234285732437,2.2583604368647556
