filter,rmse_x_m,rmse_y_m
KF,0.8038118958292063,0.28409184870995857
EKF,0.796932757586322,0.2943140148006374
PF,1.4972414522006723,1.9884554078399976
